,name,ticker,image,contract_address
0,Notcoin,not,https://coin-images.coingecko.com/coins/images/33453/large/rFmThDiD_400x400.jpg?1701876350,EQAvlWFDxGF2lXm67y4yzC17wYKD9A0guwPkMs1gOsM__NOT
1,Dogs,dogs,https://coin-images.coingecko.com/coins/images/39699/large/dogs_logo_200x200.png?1723687163,EQCvxJy4eG8hyHBFsZ7eePxrRsUQSFE_jpptRAYBmcG_DOGS
2,MoonRabbits,mrb,https://coin-images.coingecko.com/coins/images/52273/large/MoonRabbits_icon_resized.png?1732884884,EQBtFLv5YbHRVr0PSb6KgmQztRK4N2BQ7alxp6mYOBxa-r18
3,Resistance Dog,redo,https://coin-images.coingecko.com/coins/images/34602/large/hoodie000-removebg-preview.png?1705492066,EQBZ_cafPyDr5KUTs0aNxh0ZTDhkpEZONmLJA2SNGlLm4Cko
5,Clayton,clay,https://coin-images.coingecko.com/coins/images/52849/large/Clayton.png?1734484132,EQB-vc00g9PeUWLptSAH4g1J5kYS7WTgtVEfhI6oKdQtRudE
6,FPI Bank,fpibank,https://coin-images.coingecko.com/coins/images/54159/large/fpi-bank.jpg?1739195373,EQD0KpcRMh-sKO2z5-vOjgvFjTT58tO-2Nmvxqg5ocFQFtWz
7,COFFEE,cofe,https://coin-images.coingecko.com/coins/images/50991/large/Flyerwiz_1724601882940.png?1729672268,EQA9dayEKflrL-wIf-GKGizj26pvX0QCIxwmRgqzg5U_c3YB
8,TON FISH MEMECOIN,fish,https://coin-images.coingecko.com/coins/images/34651/large/photo_2024-10-18_16.55.49.jpeg?1729307732,EQATcUc69sGSCCMSadsVUKdGwM1BMKS-HKCWGPk60xZGgwsK
9,NikolAI,niko,https://coin-images.coingecko.com/coins/images/51282/large/NikolAI_%28200_x_200_px%29.png?1730529158,EQDo8QC6mVi7Gq6uGWDF4XVp3cZ4wKZ-bqKBkmhVMPm-1ojm
10,Splash Token,splash,https://coin-images.coingecko.com/coins/images/54721/large/image.png?1741211238,EQARQ-CIii50GHdHZI7s7eqRFOGoIz75u4eM2eftTikS8Zvl
11,Povel Durev,durev,https://coin-images.coingecko.com/coins/images/37544/large/durev-logo.png?1714729933,EQB02DJ0cdUD4iQDRbBv4aYG3htePHBRK1tGeRtCnatescK0
12,PUMPCORN,pumpcorn,https://coin-images.coingecko.com/coins/images/52510/large/Avatar.png?1733490539,EQBsTwY-0y5e1i6eVLklvkLwS2QJMllwWP7c4uq0ni6qxAvE
13,WATCoin,wat,https://coin-images.coingecko.com/coins/images/50286/large/WATCoin_200x200.png?1726839115,EQCEqz2x3-Ub_EO4Y5798NNoqKw1tP_tJ6b9y-X0C4uvs8Zf
14,The Resistance Cat,$reca,https://coin-images.coingecko.com/coins/images/36954/large/1000024568.jpg?1712902704,EQBwHOvf3UrPPJB7jeDHaOT-2vP0QQlDoEDBsgfv5XF75J3j
15,Ton Cat,tcat,https://coin-images.coingecko.com/coins/images/39032/large/TCAT.jpg?1726327253,EQBtDmYgCKk3ecQ1x-j0CLZRnPYyaV7cB33ad036QN-HE2C7
16,RoOLZ,godl,https://coin-images.coingecko.com/coins/images/51322/large/Untitled_design_%282%29.png?1730710707,EQAZwJdXCZoO9JIbwBTL2a_zzOAPheLICa4YG7lNIlDZzMmx
17,Us Usach,usach,https://coin-images.coingecko.com/coins/images/51863/large/a9469336-15ca-4609-9ad2-a35903028eaa_resized_673dee80cd869.png?1732220100,EQDjeocqoV44Y3miqstuQ0cT5BxSV05E2qEV2VY1OXRQJGGB
18,Paper Plane,plane,https://coin-images.coingecko.com/coins/images/36066/large/1000005445.jpg?1710405576,EQAX9J60va-0wIDMdqGLRMf7imJvG0Ytyi3Yxnq9y-nbNCq2
19,Mittens,mittens,https://coin-images.coingecko.com/coins/images/38540/large/logo.jpeg?1717835158,EQBwy-wJ-wCqh0mfJHoWjmulJ0oIRKEJJt75ULyrJNPcnn5z
20,DOGWIFHOOD,wif,https://coin-images.coingecko.com/coins/images/36361/large/Screenshot_2024-03-07_at_21.57.42.png?1711333624,EQAuco5ZEPgB19fSTo7EmtLTJysrKxbu6M_XOFDwWQiNjCsQ
21,Resistance Girl,regi,https://coin-images.coingecko.com/coins/images/36912/large/regi-logo-200x200.png?1712766710,EQCcYUWKhjGxwqtk_je9LW2V4RoFmbhOUR9e404Y6FQTEXHh
22,Ton Inu,tinu,https://coin-images.coingecko.com/coins/images/34413/large/photo_2024-04-29_11-30-19.jpg?1714674031,EQA6Q3dMgVEfXQ9tNBL2fMljEhI_azQ-R3vvPgjGOXwoF7kt
23,SAD MEOW,sadmeow,https://coin-images.coingecko.com/coins/images/50862/large/logo_200x200.jpg?1729305790,EQCTYw9CpKm-7iO_VC_7DsqkeK1Bze-u--MeZMofjQg8tEWc
24,Shitcoin on TON,shit,https://coin-images.coingecko.com/coins/images/37882/large/realistic_PAINT_512_%282%29.png?1717239067,EQB4gPfG0YtoiJHCMTUuzxP9fKXy9nx6TFh-dcAltrnNpLNo
25,Kakaxa,kakaxa,https://coin-images.coingecko.com/coins/images/37362/large/20240424_121504.jpg?1714110007,EQDqz7LTwgj016kiTiSooM_ft8kveL2P4pj4fkJmsUV_an_X
26,Gentleman,man,https://coin-images.coingecko.com/coins/images/51248/large/manpfpcirclepng.png?1730451612,EQB6Ql1JE7Hq0JuropLYschcu-WNt2vMmWF2-8mEMrK68nJn
27,Big Balls Birds,balls,https://coin-images.coingecko.com/coins/images/51249/large/BBB_logo.png?1730451733,EQCxXcLuDo7OLyks-iGODGCpPTi5G9Yhq3DVwpjTV53xfuOu
28,DARK,dark,https://coin-images.coingecko.com/coins/images/52072/large/download-7.jpeg?1732521458,EQB_E-xD4RvHqHB-bqCfBuWhnj8lgYEFN9eymZrC2YMxUUA3
29,Memeerkat,mkat,https://coin-images.coingecko.com/coins/images/52226/large/mkat_logo.png?1732797196,EQDAkYL1M-JinsCns4j1ckuYL5UwtwXmW8aVu2mCNUxEyu3_
30,TOGE,toge,https://coin-images.coingecko.com/coins/images/34373/large/cg-logo.png?1704762527,EQAR7L4ntuBUMY0KYAApsqRLD5CePfY0gtM14l6hOLvneBel
31,Airina Bolgur,bolgur,https://coin-images.coingecko.com/coins/images/52069/large/111111.webp?1732506754,EQBTjR1nGlxTdRZGSSHeXYvckDkZc3eDwupzBFhz5cDx-eub
32,HAMSTERBATYA,batya,https://coin-images.coingecko.com/coins/images/51381/large/photo_2022-03-24_20-44-50.jpg?1730966778,EQC_BL8coX-feVxZ-_XGFU6YcBcKeAxqHiVjinN_t1ADTUwr
33,BUILD,build,https://coin-images.coingecko.com/coins/images/53602/large/c53fce40-0d5e-414e-92f3-1b20639383fa.png?1736852187,EQBYnUrIlwBrWqp_rl-VxeSBvTR2VmTfC4ManQ657n_BUILD
34,TON KONG,kong,https://coin-images.coingecko.com/coins/images/37819/large/MagicEraser_240513_065357.png?1715660472,EQDjOH3noUJVCXLSBxCh2agnh4OELDvoGBXwUNTxzZpaEWH4
35,Tonk Inu,tonk,https://coin-images.coingecko.com/coins/images/36052/large/avatar_%281%29.png?1710402849,EQDv68b3JaWBO_DrP6u13Oq7KsnKhR926kMxcOJwACDY_uQC
36,meh on TON,meh,https://coin-images.coingecko.com/coins/images/37306/large/logo200.png?1713952368,EQAVw-6sK7NJepSjgH1gW60lYEkHYzSmK9pHbXstCClDY4BV
37,Ponke TON,ponke,https://coin-images.coingecko.com/coins/images/38294/large/blank_white.jpg?1741939871,EQC8XkUEWb6bzbzE9eVaASoKUCyYA_CUQALGE15jWInEqla6
38,Tepe,tepe,https://coin-images.coingecko.com/coins/images/36116/large/200x200.png?1710489711,EQDN11TTPTxw_xSPJs_zyrzIRml4JXDlppAmYzJq--tmpA6V
39,MemeFund,mf,https://coin-images.coingecko.com/coins/images/37134/large/image.jpeg?1713409858,EQD1fHR0E9crSTPO_iDFHvcowvCq7Q1Y_zMoogIFzwIdMgRb
40,Buffy,buffy,https://coin-images.coingecko.com/coins/images/36959/large/Buffy.png?1712906352,EQBxbQytL64wuTz51KcpOLdTDSOhqrV1LaPKDrhOqLB3v4qj
41,Resistance Duck,redu,https://coin-images.coingecko.com/coins/images/36859/large/200x200LOGO.png?1712642201,EQD9BsupQckDFRLnc1ixVnW-wbpBTVUg3smDK9mkRQ7WPc8d
42,@BTC25,@btc25,https://coin-images.coingecko.com/coins/images/38584/large/photo_2024-03-04_12-32-04_%282%29.png?1718088255,EQC7rnHHtMVBKyhiGnAbtYIlzGxS0dfi3ZbHExFX0LYi9cAH
43,Uniton Token,utn,https://coin-images.coingecko.com/coins/images/36919/large/VbMXC4-N_400x400-removebg-preview.png?1712796733,EQAPKqRFnQc-2m5Ogg0UUMNM0cZRdK4JUR2gN6wk8PX90_Wf
44,DuckCoin,duck,https://coin-images.coingecko.com/coins/images/37626/large/DuckCoin.png?1715069042,EQBTcytZjdZwFLj6TO7CeGvn4aMmqXvbX-nODiApbd011gT3
45,TryTON,trt,https://coin-images.coingecko.com/coins/images/51075/large/EQBEbKm5z-T5psz8iRtCRYjDH-OGbRAsfhQtdKf1ma2dqS7o.jpg?1729968916,EQBEbKm5z-T5psz8iRtCRYjDH-OGbRAsfhQtdKf1ma2dqS7o
46,ARBUZ,arbuz,https://coin-images.coingecko.com/coins/images/35944/large/logo_arb.jpg?1710233694,EQAM2KWDp9lN0YvxvfSbI0ryjBXwM70rakpNIHbuETatRWA1
47,Akita Inu,akita,https://coin-images.coingecko.com/coins/images/36370/large/akita_2.png?1711338710,EQD6ikvSPUcpE6HB_OjxCMVkFwrtK73CVV1VLR6NWEykojuQ
48,Utya,utya,https://coin-images.coingecko.com/coins/images/37227/large/photo_2024-04-15_18.03.55.jpeg?1713776606,EQBaCgUwOoc6gHCNln_oJzb0mVs79YG7wYoavh-o1ItaneLA
49,Tonny,tonny,https://coin-images.coingecko.com/coins/images/39175/large/200200tonny.png?1720799518,EQD7sIfP2PR8v7RjZxRk8fPymsjE3hUiYDDaAD38x6LCtG2f
50,Huebel Bolt,bolt,https://coin-images.coingecko.com/coins/images/31363/large/%D0%9B%D0%BE%D0%B3%D0%BE%D1%82%D0%B8%D0%BF_%D0%B1%D0%BE%D0%BB%D1%82_%D0%BA%D0%BE%D0%BF%D0%B8%D1%8F.png?1696530180,EQD0vdSA_NedR9uvbgN9EikRX-suesDxGeFg69XQMavfLqIw
51,DHD Coin,dhd,https://coin-images.coingecko.com/coins/images/34445/large/LOGO.png?1704898149,EQBCFwW8uFUh-amdRmNY9NyeDEaeDYXd9ggJGsicpqVcHq7B
52,Du Rove’s Wall,$wall,https://coin-images.coingecko.com/coins/images/37287/large/1.png?1713946187,EQDdCha_K-Z97lKl599O0GDAt0py2ZUuons4Wuf85tq6NXIO
53,Pizza Gram,pizza,https://coin-images.coingecko.com/coins/images/36928/large/photo_2024-04-09_22.57.06.jpeg?1712803045,EQDoqIKkOevVZukmf1L8nGhcjlha4sfvgl8GIRpTj_b53HyR
54,BORIS,boris,https://coin-images.coingecko.com/coins/images/39121/large/bear300.jpg?1720626441,EQC_Br9_cFIywrKoAGR3C5EBnrMrWueU0zqQ-0OsldqoADyW
55,TON Tiger,tiger,https://coin-images.coingecko.com/coins/images/39368/large/200x200TIGER.png.png?1721906816,EQCktEmAsvYBn8DPS6lu4QfatjEJJRLwD94aDqb8Ss6etuaA
56,MMM,mmm,https://coin-images.coingecko.com/coins/images/37927/large/mmm.jpeg?1715938171,EQCH44N73BXEhT8063KAK_27oComvJnmAaebso-dZoyAy6g_
57,Raccoon,roon,https://coin-images.coingecko.com/coins/images/38425/large/Raccoon.png?1717492322,EQCx1rDxHQKd3XWJ1nxHSfuGn2Nh3zTDOpeYemrKLewzysng
58,Cubigator,cub,https://coin-images.coingecko.com/coins/images/37357/large/451E46E2-1574-4B3F-93DC-F0F7E4376E4F.png?1714104945,EQCXSMNX3OB5jPgOJkEzjYhm7FOBfkA3cg7paBqTYwzXrjIi
59,Mnemonics,$mnemo,https://coin-images.coingecko.com/coins/images/51630/large/Mnemonics_200x200.png?1731664245,EQBkCw8lcwcgk1nSlMko6SV2cf2ZyxnLR8w3t7923ErnzSBX
60,TonMiner,1rus,https://coin-images.coingecko.com/coins/images/33990/large/photo_2023-12-08_12-58-58_%281%29_%281%29.png?1705960880,EQB5Wjo7yXdaB70yBoN2YEv8iVPjAdMObf_Dq40ELLaPllNb
61,TON Cats Jetton,cats,https://coin-images.coingecko.com/coins/images/36693/large/LOGO-200x200.png?1712115649,EQBadq9p12uC1KfSiPCAaoEvhpXPHj7hBWq-mqGntuwE2C1C
62,Hedgehog in the fog,hif,https://coin-images.coingecko.com/coins/images/38487/large/HIF_%281%29.jpg?1717687322,EQCLWvCj44QYTeLujnCYKH7DoAuk_O7QI-LnAt3X5bOfNFMy
63,1RUS DAO,1rusd,https://coin-images.coingecko.com/coins/images/38082/large/photo_2023-12-08_12-58-58_%281%29_%281%29_%281%29.png?1716476351,EQBT2Ee4Lx5w9uI7oMly5upXNs3ABWL_Fwk1uiM74gZCGaYt
64,Whiskers,whisk,https://coin-images.coingecko.com/coins/images/37392/large/200x200.png?1714288166,EQCObh4-ZaghOva8uCz_AMMnvifM3PS-EppUJEJQXXnlP0zX
65,TONY THE DUCK,tony,https://coin-images.coingecko.com/coins/images/36267/large/TONY_THE_DUCK.png?1710955433,EQBiJd6z0WiuiCQdywPOqaLyT2TbTfV79Pzu9K1R3l_qlUZ5
66,Rosecoin,rose,https://coin-images.coingecko.com/coins/images/37758/large/rose_logo.jpg?1715472966,EQBdr5b7csZbXhDnQ5U364bpLylHfk8AWcug8TwhzCMVcvPA
67,Morfey,morfey,https://coin-images.coingecko.com/coins/images/36897/large/1000006399.jpg?1712676615,EQB64Q2183H9XqsrR9h6tV83AnRlFX86MJWRCMQlsgQU2-yv
68,The Open League MEME,tol,https://coin-images.coingecko.com/coins/images/36879/large/tol_new.jpg?1712647182,EQCOKRrOezeZfCgkKHO-PBnheexXjrFHZS-eRO5D_8h5YM5N
69,Bearcoin,bear,https://coin-images.coingecko.com/coins/images/39415/large/bear200.png?1722182428,EQBtv7I3pZpMAUChef2Vrk-U1GcCE00rROuHgMJ9CvjodRZW
70,Not Pixel,px,https://coin-images.coingecko.com/coins/images/53817/large/Pixel_logo.png?1737460583,EQB420yQsZobGcy0VYDfSKHpG2QQlw-j1f_tPu1J488I__PX
