date,addresses,text
2025-05-07 00:51:06,EQA_KwwBPdFl68NiFttwfdLKVqYHWfUguvkhVJHCCwnvWQL5,
2025-05-06 05:37:48,EQBGL_mPqaGQNRjr5lYtrwY7g-sIA72e1qw3ZW9Q9GbGtjr3,
2025-05-04 21:43:46,EQDnDGcvOTNST8oyXPURGGru2jkXEctsFVXp_nA5oaNH-FZt,
2025-05-01 13:27:49,EQDzcpYY0c5iyNLha15iGHRvSvlC3Y4C9g5BILouzVaM7OPL,
2025-05-01 11:53:22,EQBJBF7FKCRE6ClTG3NNUlWejM4Gaewa__vgFaBjJHoIDeuu,
2025-04-28 21:06:13,EQAJKTfw3qP0OFUba-1l7rtA7_TzXd9Cbm4DjNCaioCdofF_,
2025-04-28 15:26:21,EQDBgXL_g1WfDwuB0iMy_fFI500sRuH5dbHXUtShmE-xyeLX,
2025-04-27 22:45:43,EQD-euk9iGoGgdFWGzPBis6z2XsaKXN5uR7UoVhueVzoiIOr,
2025-04-26 23:41:48,EQCi7PjrhAUo37hWwiFn3VN3pgY6fgL6EajeJP1t19ghnEQo,
2025-04-26 08:28:04,EQBZ1yu-rK7-2Oae_gcQKb2wqw4HFBgrbp35NZjQM8UsLpgM,
2025-04-24 17:14:42,EQDTRRdGtePFSU5mxofNyrXIWC9xJxTU6XXEFMJervd0xDWb,
2025-04-19 04:27:41,EQDxE8C4-R53ol4InsjyVedmfI9xMF6lpJko2p90PAR0U5NT,
2025-04-18 17:34:39,EQDODJ_ZFDIGNnjKw-MUmhzzdZzFt9aD34XrdLty1BBKsXLG,
2025-04-17 19:38:11,EQCbBnk2ftUY9vq5tKihdi8HIMQuFHauoPOcSsE5QSJKokkG,
2025-04-16 21:54:00,EQDPRN_wks9f4qPzSycEgJgp9EPKH_N1Y1BuzLD6fF-EtAjb,
2025-04-14 08:53:52,EQCnzC4DxF0ZyFYdRDfJOx_dES1No1n4kuaNsosBY93FrFH,
2025-04-13 23:02:12,EQAR_TVBMHrwkU2e5be_HBfotDbaYtIFMxXHb7JR5iAXtu1d,
2025-04-13 21:47:55,EQCdb8hvMDDZcqpPGH-cCj3iMuom9P57mMyrdoHNNyXHM9Fs,
2025-04-13 05:56:41,EQAb64zkvhg6biFzqkuGEXw_cI2z4Y1MmlJE0263pCuj5nU_,
2025-04-12 12:54:34,EQBNZljvUI3OqUayhwHkkzhKtOQj2L0jTjLKX2iJpuf3GItR,
2025-04-10 19:01:54,EQCoWcrLuKRv6RiPGT6Ml1RVoFvSzBcgL4FoQVah5LflF9SQ,
2025-04-09 16:07:50,EQBFq7ccF0eSWly0yFJwlq4hguBaGVVD4lsHEbCCHashcaSH,
2025-04-08 16:36:46,EQDXvEMAYl_bfHdAHSc5lqkks10_g9NBM7MRvlkUtGOtwPqP,
2025-04-08 11:34:18,EQBCmZssB-c14mVDV-sqhJX0oyHR1-aHcVIOpj541AsQM2uj,
2025-04-07 12:37:25,EQAJ5Oiin3hf05ww9LNo4btMLXrWs9JsC-gRrO8igD1q1SZP,
2025-04-06 21:34:31,EQDqStCkgMIaT0OCV5eGhiQS9JPd1TQiaMFTgnKABUwRsykw,
2025-04-06 15:45:50,EQA7qC90SafoE4AlbRfFR-2AhhEOHMrAmaQY89_mUu6mI5LW,
2025-04-05 22:54:21,EQCf362UKfY18v8hIQArXXp_PcXDcpwuIerq9yKGFM4e1agw,
2025-04-04 03:52:11,EQAuthVkwxc5oxHu_nCOktztYyUCoCC-1NUjrI33B5NjlTAd,
2025-04-03 17:17:49,EQBQUWqW9fpVBVjWBSdT31E-A0qACKrapgGsK2tSnt6v8DDn,
2025-04-03 12:32:30,EQA2oalPC_lijbUaUqSHAFfnqGF1D6QhcGGHXpp6BEypJKSx,
2025-04-03 10:10:42,EQDcaDLYEBs4jxP6g1ijaYCY1hV4jRkPbT8jj8H0jtPK7k7J,
2025-04-02 22:46:31,EQCyWXjgTtVvCMmtcMasvUYTRiBsWxlIKAFT0QJYWjWW2c1W,
2025-04-02 14:35:16,EQBwJZQNjolO2yswud7ZVGXvcmxyiXa68o2QMA15HEktChJ5,
2025-04-01 19:44:46,EQCT8AUjP_GI_3krwUVDVtNRjpGtxJXUovedA2BE_KhxYwwV,
2025-03-31 17:04:01,EQB0muNAB1w4gXKTy06aM1WNizcyKf_pyK0KdpwI57kDXWX3,
2025-03-29 23:40:49,EQBIrGvlHzyVEwSavoX4IcZQlM7tu_45ypktKEuRw_hIlK60,
2025-03-29 11:40:15,EQCgH_F0Mf_CENOMPFAsBsqF_Baj8ZkbpSQ5N6lRgfRdlKIj,
2025-03-29 11:02:39,EQCSFf7VcRHebHubFOyO9guWonUVZBvRNHmdTr2h7j4c0H4G,
2025-03-28 05:33:00,EQC6GujEFcsISHX7YTQb_COxerP1pyNe88fe1pJRdekvd9v0,
2025-03-28 01:49:46,EQDN9OtAhMQcluAlrj1_2ACQy3jv_cBFxEQmY2fPUzbyd-wT,
2025-03-27 19:41:42,EQCPLqUe3kVyEzWSNmG4rJbc14jAbHSPTxJkVSG8Vuy8RMCa,
2025-03-27 16:11:12,EQBz8dwlZ-EzOwhALTDpRWqlsVBSVh_FyyonpFzDG73ewOy9,
2025-03-27 12:23:30,EQBIYvi_B3NukCT0KDc1jC0SkNRb9g99DAtK-2ZC6dhIHeRT,
2025-03-25 22:27:31,EQAesdqwmBcSUhfMEbNs5J3yxJCGEZD-82lu88Q2TL9kUpyW,
2025-03-25 07:15:30,EQCFcUEr2tefVY7FU-ppk9yt3JX6C6p_PmTYiYWMpv5XE7j5,
2025-03-25 06:24:13,EQCKFU17H0kUU8myO8g5lA7sIuonyM3H1pC692TdzB6bAv-b,
2025-03-24 20:00:39,EQBbxiMj7fG2WyjeMv4hw8CiMJyTXChVnJf1dnCAve4y8EDO,
2025-03-24 12:59:36,EQCuTahLfZSKRGP4GF02yPMnFAq-bT1XJU4Z8V1DH_5sWlmw,
2025-03-24 12:19:41,EQCuPm01HldiduQ55xaBF_1kaW_WAUy5DHey8suqzU_MAJOR,
2025-03-24 11:13:30,EQD42IFsoYdzDXghPzG183gAuR3lgl6fmFuNpOFIxAuqhitn,
2025-03-22 13:55:29,EQAD3aGkb59oIwpSf56EcHI0Cg5IgPaJ0Ygnts8lkmoRaSBI,
2025-03-21 14:20:05,EQAB37q7KUjpqnmAoh7nOQRIyW_FNZF8SEssoHV76z7HzvF2,
2025-03-19 21:14:26,EQBVREHTYdoRs4dIAyt28NapntBmFNOgdluolraV8N0hPUyJ,
2025-03-19 17:45:47,EQCgfNCcQQu8EEB7Lyt9XRt7K4aZuoOd_6jtB6yLOYZD9gaC,
2025-03-19 11:11:52,EQBK10gLw4TKLAmThuKN1Rjhc_D-YLIMV5THnVNSvli_8gjd,
2025-03-19 09:13:42,EQBB0FjVjzB9FFCyjL7dkBooz4K_Bzjn4NHQsKcGEmIyfxL6,
2025-03-18 20:23:11,EQDtFkWyLroT6oWhc9xBiS7zCGWr7GtjPAM5JMpNE_Ejpqyi,
2025-03-18 19:16:24,EQD39cLm8SNMFBZGE4y3j2KFUAPUqFyrZ_L5T-mJBy9bc4nB,
2025-03-17 21:09:14,EQDuLs0bHbjjTL_1ZRzVo25AispBTHsPFaauZHJV4JOE1GnR,
2025-03-17 19:20:54,EQDujGQBoDXWNOu45Z4bf_LTWN15DGLtUQ7Xix4GWJBlOnbx,
2025-03-14 23:08:39,EQBVd16edNq_0ZeiYwCoLmQZPoCKz-ZMuq3diqRREBiAWp-t,
2025-03-14 10:11:06,EQAunJ_g3aswhm4WKrVxLT3zUHoZtg1koB58w5zMQTFVMi64,
2025-03-13 14:53:24,EQD8fYSpilC4oyGgB-R78nbXiUB_KmMu1BiRACQIbKJ2uWC8,
2025-03-12 22:49:52,EQDa9w2ooIRCR8b1J_Lqia_X4f7mHem3rbHQhcBcCwj59Xvc,
2025-03-12 13:16:13,EQDME5yQlyIL1aGTkEGQjXZ6Cq9dz-MYeE4hCDF0uQ0qJ7Fx,
2025-03-11 13:11:28,EQCReLFOAUxlzrEv5Qky-PNmaO7PITNaTO90e3dXp06Urgad,
2025-03-10 15:57:30,EQB8tXmN7G928YmxBLPOgfb7zvmFVyzNd6EQT4geULYztJDh,
2025-03-09 18:32:15,EQC2BY3fXo2Kn0Yc1MYW9pe8PDx4pT3X87lQJuJmXgnp6R1G,
2025-03-09 00:06:29,EQDPMNvXl3si1TXGXMwnUhwQjE0mMcxHKtYXFSubaicYkeaQ,
2025-03-07 20:45:00,EQDSbZzsWJPNuiK6KJvPdGf5abc-JhJRtkuPv_jZGwApD_c5,
2025-03-07 20:21:00,EQA5VINRxxRM2GIqqR_Jl3L3yr2WAExBtPWM50EXlQlh0SCv,
2025-03-06 18:44:02,EQD_Y42Xwzkgo2rjPEA2DZ_UDwkNSFVaCVgDOs-LuqaA-0h0,
2025-03-06 15:04:08,EQDz4YOi2Mnzdqca0ZCprrcIm5K16UvM_OPiB4HWJ5KMVie3,
2025-03-06 11:55:05,EQAyWK360wTez2bCrhjEHFKRMNLTON3o8mwWFaZjhhQfObqY,
2025-03-05 15:19:00,EQD44IfTh40mtWRL7EgfGsmvNVgdQ4XV7lAkWMcucal_KJDF,
2025-03-03 23:10:05,EQCorAQ2NT8oE0RaAVqNJjuQmBzrSNTN6fhPP9vXhudWyiAk,
2025-03-03 20:47:06,EQBh7FJRDcsIR7kyHm2b3VRCfe2jooNMtEhx4AKM95IwJlJO,
2025-03-03 18:44:34,EQCRmykxEJ2iFSDpERwqt2SJOY7_KgSLd5IjarRjBGhA6773,
2025-03-03 11:28:29,EQCm0KC0ahQQmrM54-vEOWwQdIwObDxtUEHl1jFs-gcLJwnU,
2025-03-03 00:16:08,EQAAJe9vFA45SzPFu48LCbDUp8zbYUW7T_dbcL_j9b68Lcp7,
2025-03-02 17:56:07,EQAl-wAQ5RzBMvWyI9cU1pDA51kE9C5KD842DVXZHvF9ygFz,
2025-03-02 15:25:41,EQBshE2wHGXpRW67HY-Zida1aXRtBCcsivN-u47gspAj4Cd,
2025-03-02 12:03:04,EQAEF0uVQEx32avuUsB2Et6xX-TRfpKgyKp8TJI4VMN6yoEZ,
2025-03-02 02:20:58,EQAKkE50UHeHfyG2GD2eRqFvkEDPFRvTLiBkwZmWkH9D5QmR,
2025-03-01 21:37:29,EQAuEwsIoque8V2zVrdmi_SFWsZpBxULNZt440ra_jEBlbJR,
2025-03-01 13:32:39,EQDol2oVpmBznAL6vQpF51QW3p0PKV7ag4VEtex8_MeMHASH,
2025-03-01 10:57:47,EQBewUbt5WPCeYEo4X0z-mfeevbxMh_qA66aqeMYc6bjXQdB,
2025-03-01 01:48:24,EQAA0FIJZs35m-7p-Gzj717YijVcl9nJVGAKZpMpKWeMUQob,
2025-02-28 22:14:29,EQBG-qW7oE11g4cuViMsyweeqELS7nS9czKgwwBtBrnp-MIh,
2025-02-28 21:44:27,EQCOq8E0zEZiOWzDD8emZFflcZN3gSEqior4BKNz5w3Mw4a8,
2025-02-28 11:30:35,EQCg1tPfoCmmQn2_251Idb7yE1B9w6l9xvNU13yV1EoikbCW,
2025-02-27 17:43:38,EQDE9Ppx4RepuTA7a82GtuRdca8C531iztbZ2mkufuD_PTsP,
2025-02-27 15:20:28,EQDetde06nWs8z26MgDgC_fiXMkI13xX7Ytckov6KbA3CKos,
2025-02-27 09:20:20,EQCwlH2RhhZ3uRm0HoqYt50xl5UjKGLqoh5SsJpGjlO7Ta4X,
2025-02-26 09:11:44,EQD8KcmHnN7be3-PVyy3DldR8F1Gy4t0WjEARDRXijIoSrrX,
2025-02-25 21:56:40,EQAYpxYkdsiJoOxnBqhrx5XkEyUNbRk0oHDnMIaKHiWTcRRv,
2025-02-25 17:17:03,EQBGDsfi8OfjXSQDj1G6-_OruAOsX1NkAhrFJ8zke0CjVMOe,
2025-02-25 15:32:07,EQBwpe8_0uePbi_Lm3461dtb6kWWFYpwS0RSGMhGDV9mPFkK,
2025-02-24 13:16:05,EQDknEHd_AZ9WzVzA6l3x--rFB5jMdwAp3uueyJ7A2O8UXSK,
2025-02-23 22:38:43,EQAoutAj3gkNKjEWNbt_-azFEHFzInFeror7fUknoOgBSntG,
2025-02-23 21:45:43,EQDibXRhoT7gGcWUaX8APBByvnviwSSWUKw8TbVjrxDfyN-n,
2025-02-23 16:29:52,EQBspBCKLEg_c1ZEff-O5rNHEm-TxhT7JdmCrqT3wnJ-DT5B,
2025-02-22 15:20:54,EQDhCI47p69j-d7bPdXvuhfU-pq784yVxaCX-UKKdoGKDEl1,
2025-02-22 14:33:21,EQCa3xXZy7QnfuQEV2ACeJAr7it5qzzoMuy760qk9KMzMxPc,
2025-02-22 14:17:08,EQCKTbEsXpUSmQGwZIIEq3Vu26sp16j2gkKlS1OfJMBS1FYY,
2025-02-22 00:51:47,EQDEi9iaYQ6aQc7v0u7uVm7mwJokhWKopZ2dwJMJAS5qAH73,
2025-02-21 22:47:20,EQDsjxmRt6uL0wc5PzEQDy-Q5wFOqV5ZP86l3Cy1mLjiqyJE,
2025-02-21 20:16:11,EQChPw9rw94Ab2XYuJw4J7uWoqcEnrQxsmDZepB9TPaKiQq5,
2025-02-21 19:43:50,EQAheDjOPpr0GoJWqy7tKPRZMX0t5qIOYCxHGiN4yj6jNONb,
2025-02-21 15:34:27,EQD178_kIdWYteP_0PdHhFFFQXBFXxg4pNbOjA6cXToUGFWZ,
2025-02-21 11:50:55,EQDNda_XHyRGE__pPRae0QiIWmAvVjf5mCPn0fQWHktIbiyl,
2025-02-20 20:09:42,EQBM_HFBL20pCWgOrVNdmYSfHQcRtatP-WvK4VhzQE6RdmeA,
2025-02-20 19:23:38,EQB_HcAdp5DA8kE5qTaNRoeMNdYy6siQNysi554kflldwOvh,
2025-02-20 17:40:38,EQDrsy8gb6m8FlzJUhza9JDB1GB75nbOwZNMTIWVaUsdhmEq,
2025-02-20 17:28:30,EQCjZU6uwve72cqCCfQzy-U-CCf3On1kyNTBdkoAlCl0Nc5v,
2025-02-20 17:06:44,EQARQe7bMOzVuas7Md1egQEb88I7ydTtkmGAHL0pPmzy7tUK,
2025-02-20 16:33:50,EQAVSmZuidE5HuTKlSAmwP-8g252D7bNecuINO5RyRz6tQqE,
2025-02-20 08:52:05,EQBeDAg2__lG1L2OpkOAZhzrFxu0uQIQaxbH-lQa0W88PN6W,
2025-02-20 07:29:09,EQCQYvhkjJnEow_G0ozJMX1Hbl5RkNIBHKWhyCvcpCYOzZXg,
2025-02-19 21:54:55,EQDVwFbCMuBVPre0sGIBNLRK6hwFxwOdt93qXcftT2y0Vzf6,
2025-02-19 20:47:38,EQCLx0iYB4iXvhhhg5mjqgeyavgBiJBInVY9I0_Ig6EJx2wq,
2025-02-19 18:57:45,EQDqWeXNffljBE-4wDAU973wzQSF_oBGDgsTYSzJKf8MIOrr,
2025-02-19 13:27:42,EQC9cLogNVUieDvMd9wG_SF6QjihYVmEu35Zz1XI_cYJEYGx,
2025-02-18 21:38:43,EQDbFLa4hL4q02YpYMy5T85rky0Ao5f4FX_iHY0sdePKcezJ,
2025-02-18 19:50:28,EQBteNBqU6Lnt9vNwix744eHN9RnVcbqmacqUQLhlu4C7IC_,
2025-02-18 13:08:49,EQBd-7PVhybY9XlNOsPazLNoNXZLFFH8RAuOKp-WxE2oCa1q,
2025-02-18 12:24:42,EQAQ6FU3e4zotEuHWCXrE4ykXcdI26TT6H47xg6qVYTCRv70,
2025-02-18 08:21:36,EQClo6kVV61qghsJHmdNVp--yYgC3Q-_ot4ZlKdVhV4fLGQZ,
2025-02-18 01:02:18,EQCrQG29AnDyEhuOomyDQjAYfr3zcE4cBhpFXRiulMgNaSpa,
2025-02-17 19:36:04,EQBC7ayYa60SxU8Ng982hUc19WhUME0nR04gIJHbkwSfp69n,
2025-02-17 17:19:49,EQDLFxI9-I8kFTG7dPYtyYnxjvI0ZHg3dMNkUR0DMV6U0E5,
2025-02-17 14:11:30,EQAGRhjyvgs0SENomW5XT1OFe1aaT26uyzNfWg64B7iEUavU,
2025-02-16 19:51:18,EQBuYfUjJ50h6cLGNcV9UXRFLoid5_zuSe5leKRl46adpjZF,
2025-02-16 18:59:43,EQDcN_KG_X1B0CHmZ6FrQ2AEI66d_4UQ-6_ZWXpTOmIPe8Qw,
2025-02-16 17:41:45,EQC_W-Kc7eEgwdWbCozg9WFYwmTx_9U-fQr145qxmE5f_58N,
2025-02-16 17:25:02,EQDHzixTGsKntoUnALBE8Bsna9NCsD-2T1_GShPGq16pjDId,
2025-02-16 16:53:13,EQBVM5iDPfUDjFyBs0rSrmVkbuy34iMwh_dKwG8kpD30PxNt,
2025-02-16 10:48:48,EQDkkU0foDt3viUJ2ohxTvre8RULuVmI-lJ6miR4HOUBrOtB,
2025-02-15 18:12:46,EQDT6SK7jOuwrUO_S8AKb_zzwYggYK-VBjxf0nlMOygFrQ76,
2025-02-15 17:26:40,EQBj4J4_vd2hbee2DxzBlRR_MgNw1m-tBEY8fosisa7vbih8,
2025-02-15 16:06:06,EQBCtgHHSy0cXV1aZL9xODhOelbvcULYRFroM3RVoF8Z7MQE,
2025-02-15 16:05:06,EQDfefbhN-qmZqH5UZgFQ7GrrRex6ALMgPFImfADHwwDblj6,
2025-02-15 15:16:19,EQA_mKKApR7Whk0mAOmBJfB7SSY6gSQrxqaL616R15oD72En,
2025-02-15 14:01:21,EQB8I8gieteUv498YaK-z3LywbWKz2UWsT9mcdTdZTGTCBVx,
2025-02-15 13:48:38,EQDTes2ZSE23KsdS3MBAGEAebsgWProik_mDVEr3wdCrPndI,
2025-02-15 13:28:55,EQD44QL9oawLp3hqLNMRd4HvDK-i4mtm6ZBw2CJ7QOtvSNtf,
2025-02-15 13:14:17,EQALAFxjMhLOFtzh7p-BnYoBJNXhfw59An8Po-_0zsC7chb4,
2025-02-15 09:53:27,EQDSCR-S4E3Unugwh8TgAK92VQ9j-fAuxgy5O2I6rLC5nGKG,
2025-02-15 05:27:03,EQDhOuRJ0tpk7cSBQS0SQ1ttUP0l-53YWjoP2ye3OvRt3A7v,
2025-02-15 03:54:52,EQDO7czu2bCY_JYPtR3toUO_GYniqBZQ09roU5YzQhiMib80,
2025-02-14 17:35:24,EQA8004uwPHkptO0uod6Bm2_VC0Y-lmoWuIOYvCg0uiVF951,
2025-02-14 08:34:29,EQA_cFxQ4VT2rea42GFU0SHTNwGNxodFsKhDPiyBKaER_-Dz,
2025-02-13 22:23:12,EQBu_AlZUNDZzz3LmSzWuwtN9g1G2L2jjzN5y0ZKUrogZug6,
2025-02-13 22:00:24,EQA0nLHHeZrT1SwWrBd8N5_5CKXJQFL7CnPYDLLnw-sIqoBq,
2025-02-13 16:35:19,EQAIOP4XDv8vbtCRiK2Kd1eMbTrUm0rzeb1BkbV_gT8aBj-j,
2025-02-13 16:05:23,EQD2d11CeYxMT7XRuw3tCEf5uP4giW4tSLLCOlVDXcrPmN-G,
2025-02-13 12:46:35,EQDUAOFVWQgbdbyOq7UfRlfHM1MzM9utcMhZVJYd6AlCgouA,
2025-02-13 09:23:40,EQC__tkPgz5olQPTNSd_-Ni7iwDfrNkT_droMdZbY82eUReE,
2025-02-13 01:13:30,EQBVsSrsVwM2HXGWV4Kidk8N0zsbsV2MSlfvKzjRxDWjzFB5,
2025-02-12 22:22:53,EQBj91Vwj6COpmZIwMYlTTeyNpmbSFqpaGxdjpFTKkxOYU-t,
2025-02-12 19:33:40,EQAcvTT5QkjAAfydLUk8LqiahYtVf9y2YyD5F-755TMNS8RC,
2025-02-12 18:50:58,EQDmF-UAeVnorNnrOHLUMWIX6MDPasjcxeYRWY5YwMz4mRq8,
2025-02-12 18:46:56,EQBgPfaxRtXW8hee5nDjn2TFyngFWJg0JVOw4Jhut7XSJtQ8,
2025-02-12 11:32:33,EQD8ik2jhVTdCEFBBBw3ciQGISPKNCA6VwXGzwO_DtT6Wn1n,
2025-02-11 22:33:07,EQDXT8UNbgXcP8_YqH2FFaTUYsSrns-l34z2InPJz57GQJbv,
2025-02-11 22:14:21,EQBzDYQE6nBlwIMgERlwbPkzb9fBXXPey1gkjxPC6LKSDITU,
2025-02-11 21:48:48,EQAe77b7PlyOsbe68laUVcSHSYQuRl_iDwWHTmzBY1YDZwWW,
2025-02-11 19:24:17,EQAkaj6K7VERbheXIBtmxRh-DWLy_uQELipYkCc1y4pa54p3,
2025-02-11 12:00:13,EQAzpbLmiXWJ0xtYpUjAHfKfoupoZKbWQc25T37M78oChxpI,
2025-02-11 05:37:07,EQCTx9FjK-82jNLk06kzfk9tP_mDk-aKBuzKaf2YbYTAd5Sq,
2025-02-11 00:56:48,EQA-L2dXkFinjxjnhJbGrx5804u-TA5_sf8mjyYS7zW_hX32,
2025-02-10 18:29:48,EQBhE7z_2d8-_SO8W5b3ifPweYOPjlGVTx5tOespsfF1PW8J,
2025-02-10 17:41:10,EQBCEpgFDiFTdgVQ3Faq5XFGcFPhI1YjQvTcqoGcomcg17tx,
2025-02-10 17:07:38,EQCITDglC7teaqnoe9gA68jeYDBIuiqwPcyNEv2QzJI4OpBD,
2025-02-10 16:51:22,EQAPJ03BBn14ihAlvy5Qvma0bSUHKN2kzueG1FAfq7XeIqQy,
2025-02-10 12:56:20,EQDNcGU9WrPKk4ITm32qNxQdgJMypsZAgnSs_DlyeUxPxr3,
2025-02-10 12:08:05,EQDW9iHRwQMEuJG5MtV7OLVkqTkJQ3VQXMu5oWEq8NsP_07y,
2025-02-10 08:06:47,EQBv5lNZ6un8hRQ47qec4OH9JcCkJRQ3tTL0vWwlKWIci3K8,
2025-02-10 04:41:17,EQCCL_YjH4gKeQWmXnrG-Is6LBouD_H6PqlOCgYnWDII0zkj,
2025-02-10 04:06:49,EQDcoCjfsOmn1rNOeLPtOcM-rJbbtlVJfWPKQ0sQTPMVPKCb,
2025-02-09 18:30:31,EQDQn-jdPlnEY3Jjp-BPfv_K2DruY9peQUlWvadpGFjLaJAC,
2025-02-09 18:07:34,EQAsDZLxWxvolnl1MeaUof7cbVww4BcStugdiP7pvV4mzQug,
2025-02-09 17:28:23,EQByRoXQrVoCvHCWWjeOLXE9wUI9_XEha4yKTLR--cVsD1MM,
2025-02-09 12:05:10,EQDGcFb7koPZsWUhdtEDOpPjWzQVRdtOKBYL0QwPFrTrt2he,
2025-02-09 06:32:23,EQDBsEcxj6tsURcouJZXK1GkNhpGHj7TpXH-dLnsHpOsoM9y,
2025-02-09 04:41:32,EQB5vjV6phLCN9TQwalN5DU0fQzFq9zTkZY58iqDEfTgSb9p,
2025-02-08 19:11:39,EQCpkuD6gpAdXWJDOLKyxx6ngDDcXz2AS85jWyDWa3qTVXYQ,
2025-02-08 18:05:10,EQBCzaFTXvdog6RwiaUBM1Yt5BczY0cKBJ2rZ0q0C-c-eP84,
2025-02-08 16:28:31,EQCz6YaaF4e-tHzw3oJI4ltJKXJC_1w7QwHktFUUUsLYKjHM,
2025-02-08 14:49:20,EQBrggaDaqPB2ASa__WzQR-2QjIfy4Ot536Nd-vegSSAzvam,
2025-02-08 13:59:48,EQDYwHRdD2c9mz_ZGYxgf3tXlLEaxSe3ZNbGU4jt21J4a1yM,
2025-02-08 09:00:02,EQBVF7txv_A-VAZnojrxfUq4Fwxmb6EyESpB7MiaCI4PfFPR,
2025-02-07 18:36:12,EQB70WNZRlb5GQpLbtR9OmDh49rMfDDlMg02I7f0GFc90L3K,
2025-02-07 17:29:19,EQBFeN968UyngdZxfc0P1Hc-CBQtD2VYWsmITt8_6bJJVyCL,
2025-02-07 14:39:15,EQAHV5_ywPgq6BwyHASOWevfy2YRrTeEnVPWNiUOVevRq3kL,
2025-02-07 14:23:05,EQCtdwuKdD50QQ-Zt6MfEK1xhLPCaQrtVs3rNzqi5Ef_-yEx,
2025-02-07 13:13:10,EQDrlU0VMCP2jpOukWUGtXIQv-17hS9IBkwLy9huS3y3BrVR,
2025-02-07 13:05:01,EQD9MpDJMHHgUZ1Kfksaiot1gJMpbxbRj8HgmHuDbBW2IKeS,
2025-02-07 10:38:47,EQAzOnuo12CXh5c8oAu_KW2LJmuzVnyWSaISkdzhOes7ElG5,
2025-02-07 05:41:04,EQBtW9rA8zFLeQvsKfgHmPbTGKH6Fii186XrurjjgIWwKZIF,
2025-02-07 00:05:39,EQBtxrZtkwaU2gmUiDirYGcjDeLsoVh4u_blG0KdNLboQxVv,
2025-02-06 21:32:47,EQC-iOpxHvbE0_WPyucpK1hEjdxncKr0n_KjBXhuKMhP0xNT,
2025-02-06 21:00:19,EQAIkWBSZr05qGnMXvtx_nI4vjlGS_yB-41fs_HTGkpJyTFr,
2025-02-06 12:04:19,EQAW2P8d_I5jvXLestn2QEihzYUXcewVCWyLUz5OJSAd4Aoi,
2025-02-06 01:27:46,EQCpildNt2xSlYHQy9_gmScHKDYtJTPwQokWt7jw1RnY0nzX,
2025-02-05 08:22:30,EQDzu8oA3-x_JlVtWoKk8y5l69dgElGOoT5T7Frepbwdr3SJ,
2025-02-05 00:24:45,EQBa6Oofc4vQZ1XZLTYRkbX4qWUWBCf0sFBgo0kdxdlw6rqN,
2025-02-04 13:16:19,EQDCM0BjyvoskR8Rk4GLHLmzz3qiqq9SY4DNooMSOIDkeRai,
2025-02-04 11:32:04,EQDEyeBUicPoWQr0ao7Xsr7kLAHpoTWV-8LyqT5rpRD2gyi,
2025-02-03 20:41:38,EQCwN2h6noD2DigNQLFZrgaCl7dZPp8H8lkdFCoEUlLMtJEq,
2025-02-03 13:31:58,EQDk3Lo9K5LY3inQRmrQiXJ114YJ--lZW4CB4b1Agsg62Bav,
2025-02-03 13:30:52,EQBQgynRgKCjXql9l0fQh7qVc30KEdcGlgSB_X7ACs0SGXN5,
2025-02-02 20:08:01,EQDIgWgXZ3h2-FaNuSxZmx9FyOIOqgfY9i2uVIm1Rip2p1dO,
2025-02-02 16:20:26,EQCl7fqziFmnWtBNaVUwXkt3LZaG7MGU5WZIlgaHsgQT6dVD,
2025-02-02 11:07:03,EQCqwStxDJxLs3PB7Rd6ZK3IrKUImESwQ7Bz5d7BIJXf_38O,
2025-02-02 03:05:57,EQBVf_1S_irX0ZbfB5ADR6WS7EMpakSZFGgM2hb8yluGIQp0,
2025-02-01 17:45:13,EQAnQJLCY1fBq-qjsVPscvnBLBsuHj9j6Wj1OCWD7z9wi1C1,
2025-02-01 16:57:33,EQD1OkMXyUBSSMgReXtkrrDWX9fwB3KDtrJTSwaUvTsWswzk,
2025-02-01 12:27:11,EQB0m2iXi222jBzuCnSr7ApsrFcHgjW1H2bKcnIC7f8Rtm_W,
2025-02-01 02:27:29,EQAvlfnQ-CHYOe5aMXwGaAgR-N63Z0CWAj9ao7VvaRsAxKKq,
2025-01-31 17:09:39,EQAbZnHzVLNkpglxSaMQN0IxqyttuGFXMqS9UIPpY_BzIw_x,
2025-01-31 12:50:24,EQD-yFLbN0BFuRypcis4G6_s-2xpILhKvB6IN7tLT3Lf5TUk,
2025-01-30 15:38:41,EQBKyWOOFXlJpzYO8e44JG6uf6L3v4bYbbBBnKj9OHwBXjzm,
2025-01-30 15:26:21,EQB5sh86IJ0JYuo0sFoskbJerABs9KrR6CqKtINCKLbeMUy0,
2025-01-29 23:10:02,EQDsZJmyQu9WKm3mOb0H3owo_MJSNG8JWfk1OcVzu1snn4GD,
2025-01-29 20:25:49,EQDn-vFwCNlOEEPfUi96C1kXklzQyRDlgrNTxHaDB_hUxywd,
2025-01-29 17:40:21,EQA8RIBX3GHcQj8d5zO89iGSYkd3oJ7IN9rawaKQDAvdo83N,
2025-01-29 14:14:17,EQBYry1XjCLAVdpNzK3Op9oGey-5my1cwnY-ZuANEy4KpW5j,
2025-01-27 15:55:43,EQAnoo--1OLmDk1NUdTX2NokJbwdxrS4R1lGk9FRdUCOYnd6,
2025-01-27 12:05:20,EQADktxSikFNgRu4bpa1g2h9fXNMMEX9t22PMuYefSO7Q_5r,
2025-01-27 11:46:09,EQBhKT4-OaSZaxBBcvDE4u8s3L1v8u_6cHxSJQWcztld6AFt,
2025-01-27 05:31:58,EQClqJvu-xErNJ3gu4Yl0PTTAqUDpLZhBAKBXk6zl9Siqat9,
2025-01-26 18:19:28,EQAE9zDynyEfUkNkdxEsejRhHKBdVGes_WheQO-hJVfHWMVX,
2025-01-26 17:51:10,EQBIFkT4ZyiUWxD9id0tHTOAW88KtDGuak79ETEgbw4oXZuQ,
2025-01-26 08:38:00,EQAflfI_FWhHpI31JS52y6UD5o85tJ4Zfq9KhDTv9bpjM-uT,
2025-01-25 21:46:35,EQDaj7EP7UT8wEpm7JTwCWLk1TTU9nT5L40zEcrb2O6dI4HI,
2025-01-25 19:47:05,EQB_xE-FoTQOmvCaB7JZ5X1H5vEa3Y7FghQdvRyXGZLM_9qt,
2025-01-25 01:11:16,EQAPl90lWsydDh8O47BhiKH1Ty0TkVDFGZtdfDR-jqvf76le,
2025-01-24 15:18:36,EQCh85F9PGXbh-V-s8YtWKwE2ypnpSzMcLNOo-lI-k1P7SE4,
2025-01-24 12:15:24,EQDK-S4ML5ttH6haxxsVPd0BLD5spj94fkJdMkxmxBuYYaka,
2025-01-24 11:23:31,EQA7xhjWnwc_1dUrcRugHzlydQ-ufYPCgIgzgTpXkM22HByq,
2025-01-24 02:58:23,EQAsh7mMT3PW0VBWzkAMV1-cIQfRQ6-1lYL51QkFZP3s7qkD,
2025-01-24 02:20:28,EQA0QNqBIn9ysiy4yg1bQEdxdWryd9wdP-mz74b5dvl59812,
2025-01-24 00:52:42,EQAt3p9-z34fUhKy66bY29d4s18PyysZvDPelk2GAdb3y_0M,
2025-01-23 18:57:52,EQB-vc00g9PeUWLptSAH4g1J5kYS7WTgtVEfhI6oKdQtRudE,
2025-01-23 12:31:50,EQCZIf-3kWHlwfEESwonUUXIRHfJbaMjsFdbhEl33XHfVtnH,
2025-01-23 03:53:45,EQDA3YFuK7m1X7Lx5CsOw3zzSs5HRHOWQXs85aHxGPRryM9R,
2025-01-22 22:15:05,EQByEWl-a0NxqiNMdVoBtkWPtGH1DZ5q9G2OTFvMsS7_hB67,
2025-01-22 17:34:27,EQB420yQsZobGcy0VYDfSKHpG2QQlw-j1f_tPu1J488I__PX,
2025-01-22 14:34:15,EQAyPZ3oQWqRo3nlgfEt2rlvFF56ZnCJXwnxLXbsA1gJuCbS,
2025-01-21 17:03:56,EQCoblgo6GA9bBwegAARXUCuvknpUbwDdEdm8LQ6g_llN5K0,
2025-01-21 16:20:25,EQDWZ9LCgj8eX3WYBbN4CeVfqOhtCt0K0bHr_3JZcJWWuIMa,
2025-01-21 13:50:05,EQDAkf1CSO-1-2qm9xh-VzterK-qP6m4XplWYciqUifdoN6U,
2025-01-21 09:05:14,EQDywoIdxrnV01zToESe0lUJdoY0o6Pc-vOke2AfC7o1dRzN,
2025-01-21 02:09:24,EQBTcloMgXV1AstPGIciH4QIjuW2yJKIPXsToKmDvbDBQYOA,
2025-01-20 12:30:56,EQANSUPTP5-DuLabkd0qpFL6smc-fQHdcewh6IZhPuC7XRjh,
2025-01-19 23:31:13,EQBPN9r6o8w7k4gsXPc8vmfMV0xdYSdW-72gi38Chd_qKwQ6,
2025-01-19 14:57:03,EQC4ys12XG2fwJd1cEho1CFkKBRU3OvCpaF5u_JWEXEFqKns,
2025-01-19 08:47:49,EQAuZNlNm-E2f3CtkRtjuBRq10nTYBVx8HFFSq5MQVm8XCO3,
2025-01-18 21:42:30,EQDtOG_p2Y6MWTgI6D2mm159IUZa-ROf750c9GKp6fzHYCzQ,
2025-01-18 21:06:07,EQCBPTfghL-_KsmnASLFSAMVKTY8lepp2qb5ra4l4XsBwYKM,
2025-01-18 12:38:19,EQAyCD1bWcK1Hx_BeuxAJ5DPUX9fbFLxBCMYMUAwgM9ebAt6,
2025-01-18 10:14:25,EQBr_aPdNVl0l8_MZfQPZ0r_N7mZqS9v17rekmEJaKLO5n-G,
2025-01-18 09:18:49,EQBG_GoXi1nWHkaZOdcEJie9qcWP3aQ9kdik42rsTZemXPs_,
2025-01-17 16:52:18,EQD7pQcr1w0d-MMYLFvJct6s32mn0VJjy149DA2c_6pzcmjN,
2025-01-17 15:31:02,EQBlWgKnh_qbFYTXfKgGAQPxkxFsArDOSr9nlARSzydpNPwA,
2025-01-17 10:05:56,EQB2pP6LRVRXXpIi_0OBX8IyoQKX8_ZIvS7r5GcS9uT8RqI9,
2025-01-17 08:14:30,EQDDtafwpMGSMZtrVjEJsyT1GX0cZUd8wU_-U1mi892P3BfZ,
2025-01-17 04:49:26,EQDBAvEoeuymY4NWdrcTUxr5mJ2fzX-AW65nr8yALwJzU9YY,
2025-01-16 16:53:55,EQBxHYzgUkLfLkrmSYtOCNxr8grA7Jagvm3qltK3M1arpbO,
2025-01-16 14:46:00,EQDmDjAAjNnJvGe7CG5NWxGimhgFhnC_cONVSCz9CqPquUDG,
2025-01-16 04:58:01,EQBQUibJ_Ta_dTeBf85BVqk3V7AkbsIjB5Xac5U5lyibT8KX,
2025-01-15 12:52:15,EQA2uIZVi3hKEKXVoKrMwb58Dnsc0LOxSPr5XCN2pxvH3wyR,
2025-01-15 12:27:55,EQAFTzNeHcyBwO8IPvvOpi6V_n4B6O5P5keLq2xE4s8j9w4c,
2025-01-15 06:51:54,EQARxU02rTtPXrZmtO9-jErqpitfxxJ3MGTW6Ie7uqW9Wk_K,
2025-01-15 03:45:30,EQCtDfcHGCw6NSa8JsrMXBrciRUQXJbczqWuA4pR7UGwWw55,
2025-01-15 03:26:38,EQC4FumiFF2epDnLNY9Vx9TTHop7QImTUWlXzhE9B4K6-ADF,
2025-01-14 15:07:18,EQAIrCVcGgxbD3FmFy5FO3piKsYxme5GRGhyJraz55ZymOQw,
2025-01-14 09:20:54,EQAmg7B4yk9H0blc4Z5clY-k9FbHzyUzWzzBD0VhXvv60uP_,
2025-01-14 02:29:53,EQBYnUrIlwBrWqp_rl-VxeSBvTR2VmTfC4ManQ657n_BUILD,
2025-01-14 01:41:53,EQBp6FAkDdHD_lLKUBI-J-Et5zQeyJlixc6f3iKHBie85Fd,
2025-01-13 23:07:49,EQB36OxpWhlKwUMBiF9hdDAghDNkEWBupPq-3i_5D6tkSVU7,
2025-01-13 22:03:37,EQARbVUqZst_a6XVMOghfi-50qgns5_OQ8lnvZxa9ApNQCET,
2025-01-13 15:29:50,EQDbVbfvJ4h4IJIW6qJlyxIcFFIuXnTGP-GaY8bNs31iTiuk,
2025-01-13 04:28:51,EQCxH2ku1j0DFqgU5CPQIEbBfWL1DpMO7-RAaZeGPeDS_g6i,
2025-01-12 19:45:07,EQBLPwI1dirQLz91TLpy52TWy4NcNAgERMHAjdw8PNCW3H1U,
2025-01-11 19:20:26,EQDN0PsBNn8lJphJE2ApQxbXeU5C-wi-KfCdQds8J5YEsAtY,
2025-01-10 11:19:17,EQDVFIaVxjy84oa60sgttXO3bKdz8kZPxBn4QZmwfJJqu_gY,
2025-01-10 08:20:27,EQAR445qeCeI_YDXIxtr8GUL8bwQP4U2uyBX_02I2pQv6t2O,
2025-01-10 02:10:28,EQBjtZlXHVMc8misw32xwAM7ia2uUmXonhXGratErBj4Vjm5,
2025-01-09 22:04:05,EQC9DbBKEi6gbzn85XENDDTlu9mWRLMB8cBlm31F80c0dvba,
2025-01-09 20:06:58,EQBtrbDkjkbFpyaKo_Y6EXP0ZvqO-6QmE3B9JD9IbhUIffKL,
2025-01-09 13:21:18,EQAYObSAEunbFFxpJC9OHSm6PMlBNbNns7KvcuRRuEB8bIQI,
2025-01-08 19:09:19,EQD0NlfFhKriY2TxLrdigeLbIhTkPBCMVp9a8zmpFohZi1et,
2025-01-08 08:02:44,EQBadBnv80FBZ04MkE54vziEuoSKi9t0AtgTAAjozUR52N-D,
2025-01-07 12:24:24,EQBZWSIMIWW5URIGJ1xeSedWHoR5cRRy3S5HEz289k9ofIjq,
2025-01-05 22:45:22,EQBgx9HKj4u8CgCX6XSxGpeYFcfUO7r1NcYdE7yrr6B4v2tX,
2025-01-05 16:48:50,EQDwADx7MQaJA3hTqNxjKnX6F7o8VI0BqozEA_o8gIkGsx4F,
2025-01-05 15:43:38,EQCKqtzUrF_lp_ktl-LuSVeIT4aOr9Indl_z9iBmM0dvijlW,
2025-01-05 12:25:35,EQBkPQnn9IxbgurU3vgCaxnOdyt_vgoHD3Xj9RuBCq-vj2SM,
2025-01-03 13:52:00,EQBOC7zL42N5pum3ZkGfwmrEgncOJNVziIT5lvlgb0zdlppI,
2025-01-03 09:45:28,EQCgCIRuSqrkUhSLwzQWG6w6KM7yISBl18BA8jm-f3xinEQr,
2025-01-02 11:01:44,EQDgx6k9B27D_-ccmbrho2a1teb0hfgJekZYZiRJmRLm5q_j,
2025-01-01 18:39:52,EQDPzZVoazzlEpnfUCwFuEgbONB0TjELfHOS-S5D3R_4gT5G,
2025-01-01 01:58:59,EQCmLTYMxY71lnO_3ygK9Q451fjcIfdXsznUvtikKwUGMUyA,
2024-12-31 11:11:30,EQC3H9XDgbFE_W5fRJ1fNJu1-FZK1aGlGGsTsLR4dWRhGJ62,
2024-12-30 01:35:11,EQA5CPCQGg1GQJ2DG7v9DF3fbdfjgKRaV3-FCSdLv48ppyIE,
2024-12-29 21:41:31,EQADOSywPj_2GTKWpP9mnZQuZpkKDxSZOvvq2N5KpvKdZbet,
2024-12-28 17:09:36,EQCcVZhwtJD680yNFt5qYal9AQxgnUNL3F9U5lU59e6rfgLq,
2024-12-28 13:25:39,EQDg6uLa0LZMJ9477qoKLjgCpSXwhk-GtSOxSRbju52spwym,
2024-12-28 09:44:32,EQDFu29cK35aAPEHcZRfeC0QqoeY1UdfVpsjO_kjVS3VLF_P,
2024-12-27 14:10:40,EQApL0Y23dk0Cm5q9eXhXF0y6bprCV0OozjX0pZ77PqS8mcB,
2024-12-27 01:39:33,EQBfkgKxD8zkHquKL6pqZWGiQCkrbgXIw4ToqNRb9-RW0ba1,
2024-12-25 23:12:38,EQA8X8bI5V1tL6Z_OWCjNiYK-qBIHTcaynTqY7R8YPs98XaD,
2024-12-25 11:30:53,EQCeoe9UtinVNxoJhyUyo98KRGJu0J5c_ukik_swikh9NJ4i,
2024-12-25 08:47:05,EQDH6F8bXL_ZQtT9zfYZinT2NhsrcXa1VI5koO98slz8rNjs,
2024-12-24 19:04:24,EQBNZLtkcnGP-ucJ-gZBk95qaiYp_46V7aKHIIO38Y_MbYYG,
2024-12-23 14:02:55,EQBgCpDJVh1poEQS5ApQ0yg_K_J8SC9pdaMnlwPk7hjVClMQ,
2024-12-22 14:20:20,EQAOkH7OEe4RD0iburBZYY29Pl2TsswVVWgF4N3g8AkFj-0L,
2024-12-22 14:12:15,EQDmy5C1n-35sJo2Kk6SnYqlT9_wa5mrvzuWhAVIRwCteWdi,
2024-12-21 11:27:10,EQBDSWsQIu1WKQUcDGZUfM107TWB1P5B603PTPxHs3pHFqRG,
2024-12-21 11:16:05,EQAKd3bzVu9EhVB9uObeeY-EFRqUc6qiJAU0whUK4-xGsFih,
2024-12-20 18:57:18,EQDn6nd9OwaGiLjDapm9Vp_xis2r8-O9fPGFVlIraVv_UR0J,
2024-12-20 11:34:31,EQDYNzETQsNToQhLTAtRUijE5PcMnzZmfdSU9pXKFesBa8Dg,
2024-12-20 08:32:11,EQAus0raX7vkozmu3vC7DEOkluLtQw4AFedS33lFr9b5pqcj,
2024-12-20 07:26:37,EQASUHQ2f_FKSWgf83pXlAnRXKkhYr-vwA4v3GySAAQI8Wgx,
2024-12-19 22:57:56,EQD9vAN0kugETE8od1Wwhhe2eT2yqiZZ-XDX95x0SOy0vZHo,
2024-12-19 22:04:56,EQBw9cvak9hztEIky5MXCVyI1x8TSd7IHJmUYBCY_KAfGJu_,
2024-12-19 20:55:43,EQAHmnWtW8xmGbZHkvXKDRLkOc0s1VvZIinDDUE-SoysgT6n,
2024-12-18 19:49:48,EQABtSLSzrAOISWPfIjBl2VmeStkM1eHaPrUxRTj8mY-9h43,
2024-12-17 13:38:50,EQAY9bTuiBcQ6NlrEIbRX7ud1Gizp-iKRzR8_D3faloZD0zG,
2024-12-17 13:21:10,EQDZ9VkQTEqRPRpQJmLktzxH4sBgzB5vTi7mXRzXVRWi2nT3,
2024-12-16 21:50:11,EQBlqsm144Dq6SjbPI4jjZvA1hqTIP3CvHovbIfW_t-SCALE,
2024-12-16 19:24:02,EQA1wpcJApvf8bvpbEPu0fgNikiWihtSxJq-aFgzNvslhqyk,
2024-12-16 10:26:12,EQB1SXkGMcEWGEi51hZaSUAB7RRNmiPDpii_jPrhEfvruoFd,
2024-12-15 23:58:59,EQCw-BbQIfJDGenrasj0SGuc8fkBTIP9rNnVrSLEdqehjF4V,
2024-12-15 22:14:08,EQByNM1ZNW7AQNTu98YwSGilthhYJsH9J7qAHtz2fdwGJkPW,
2024-12-15 16:21:34,EQALTuVYPhjDNjYphAPWxpHKcRxKUWkbNfwO8kdFrANnaLtw,
2024-12-15 12:29:57,EQCvfWW-zmV848kHLTZglk6_IG3wBWD9IcnJgi2OS6kn5dON,
2024-12-15 09:16:25,EQBxsWr68poSJPdlNBEWPslnVLLHu-UnChv7_DTOQ8Gv8VRE,
2024-12-15 08:30:58,EQAmLDfD9kc5nrqCfrCRQ1pK3KL6wB7Ya4Nud5HjNbwnbiWF,
2024-12-14 15:50:12,EQAMAZt9HTxRHpsNBGU6KRHxUfWBAxL9jrHJ8tp3FuFDvYY7,
2024-12-14 15:34:49,EQB3-Ue4CJH8xTgWZuC6HeqpbNizUX4a9K9U9lwX7FtfZcuu,
2024-12-14 10:42:29,EQBI1vyS-bVqUrSmBthwZzLpji7SsmEqrbAcRSjHZEJ4pVhu,
2024-12-14 02:00:26,EQAjEPoXp-8l9m4Y9MJxJ7QN9InWadHSEHKlryAbozZRTapn,
2024-12-13 21:15:56,EQBbIiA9g8eohAbE9-gCCjlAqz3_i5EyvCW0daegABESATqU,
2024-12-13 17:36:57,EQD8md9a5iNZm82t_TyAtz8brxxZPsHpNQltH-VWv5mQq8_,
2024-12-13 15:42:52,EQBuhKmpT9NfhFxcOsYR2_IVNVHLCGfpgnnzRSX__d1QZqO7,
2024-12-11 19:38:32,EQChuyfaSm-ueBr5uMgiCYpn1b-yg_Pln3yPx6-CkNZozIte,
2024-12-11 16:48:40,EQD0KpcRMh-sKO2z5-vOjgvFjTT58tO-2Nmvxqg5ocFQFtWz,
2024-12-11 07:30:08,EQCIqReEFfH3ZNxqXDi2xGl8nmfrMuQG4aAgEb56uRAa8BmW,
2024-12-11 04:23:58,EQAs4TYFRmDReFfgVpLAEy-gP9FfviMFryZd1SY1wDObSXtv,
2024-12-10 23:17:28,EQAlr3wigVuFMLU0SLhw3g9fopzYEG6AKDV2FkGzKTLlFyZc,
2024-12-10 20:10:58,EQBWBy7j2SxgMqNvBazjU6ppdOqNrsBGy9SU24el0kmZu3_3,
2024-12-10 15:52:55,EQCByMe5g-E_TaCh-hEZYlKKxOmYaODDBmgf3zLogFLZSEr_,
2024-12-10 12:54:04,EQCaPIwF0DZVPCVb-0mUFPzVY5bJO6nOlg5X4vP7uTdg3KC7,
2024-12-10 12:20:18,EQDuSjfrRO8Spn9XAugblUgCw0sR5vcgmarA5MkIj3gAg2a1,
2024-12-10 06:01:54,EQArRKxyq8AdvBUQPD7cXDebJD33O1bnGUEPQDlhYx2TSPB4,
2024-12-10 05:11:57,EQA_Folx_KqdfRxBbZ9ZBVaDTdQ_zAgzORJgwksP4OHRy-Co,
2024-12-09 21:31:48,EQANBwJxX3kHLGFPcxruna73kvWwc1oWlED-a-ysz2yxqQNl,
2024-12-09 14:43:20,EQCtamaQXWRNLTtvx4EcgY8ivVx6sUHg6mJEgzHUiBF2gZh2,
2024-12-09 02:25:32,EQCxPVDmihjmQB7jFg1WpYpUlaFYNVDt3m8OgDMQxjZHGbc8,
2024-12-08 23:41:00,EQCtCnmfTVUx_fep5Uh00rSEi1bbUHr7QfMb-IxPOYa9Nr3_,
2024-12-08 23:08:35,EQBKnT3zZsxnHHe1Fa4RvZISTmrqQXv5wARiFATY1KzUds4I,
2024-12-08 17:31:17,EQBBT7wVw95n16wTzOzTWlYqcjh2z0jY-1qm8dep4R4PxGEK,
2024-12-08 15:55:23,EQAhZDXKDDqF2bFuWAGly5FxfgVthjOKfvbyTfzTvK8yhIUb,
2024-12-08 00:57:55,EQAktQROTvFgjjdGVdbjvrF48-rod9Qw2Vwfp5GoT6F1UYiu,
2024-12-07 19:17:44,EQDlSArj7y3XMEe0dTiQAUcAX7mT-hj9mxYx84Ohjy95wEyF,
2024-12-07 19:10:40,EQBddefmg9FNK3PR3Nm7ZaYtd6mWo9cFGpik5MRc60jb5KOD,
2024-12-07 14:07:42,EQCZGbFewrBdysHrSk845ywQp7ZFVYJiURAyUMX0Whu5l5wI,
2024-12-07 10:35:15,EQB6MkEORGmR3fZ-syVtngdfKXM2X6Z4gSwdQZWUnn4mLhXo,
2024-12-06 18:28:40,EQB2wJRw4JGrg8JeGcFGMWgiWwzk2Jl-fVOjw774cY-FnfCz,
2024-12-06 14:34:56,EQDeq2ELshAIaIHlabTZmwgtTfKC7gOtC2tIOFRHelvilmSG,
2024-12-06 14:32:55,EQBT_npjSoNBzieq62hybdpIpjvEKcMCkKpjS_wYlTf6R-jC,
2024-12-06 14:17:17,EQCQoiC8ss0QIjpTz-RI89OzmyXxxt0CTOsGueRd9Vp-0Dy8,
2024-12-06 13:01:31,EQDrJeE6raclsJK62rPKAx3eP7TE8RMBOnQLtnl9T7Iz_Lx9,
2024-12-06 10:25:39,EQBsTwY-0y5e1i6eVLklvkLwS2QJMllwWP7c4uq0ni6qxAvE,
2024-12-06 07:51:49,EQB6yCsrG15CPoBTU_Zx4wxMT6iQMDrvnzpMCZnUQX5nAnHN,
2024-12-06 02:17:05,EQDW0wojDImjtJ-z88TmAdgVBPW8vQs2mqK-w5poyA-dowPd,
2024-12-05 21:06:01,EQDKgTmiA8-LV6mdGSM0j08pfDonRGbfiMZrQu0reYfnJYZd,
2024-12-05 20:32:40,EQA-rPSACIW8hJL1IXaYAZUQva_Fb4i81pF1U2XwbbyTTo8Y,
2024-12-05 19:32:02,EQAlKuU3JVwD1BcsSqLfigW75kbtPxnpo6Uur4GjBvSfgTTD,
2024-12-05 18:31:55,EQDi8ieFKs69iSiI21CIUtwM9TkZKvr-NfJtrFtqDjO8lG6w,
2024-12-05 15:18:03,EQCjbz66UC95dmjsB142mleEUA6wwWM-0sVFOaveo3FyK6Sk,
2024-12-05 14:43:12,EQBo3W19O92qLjdoYbERATFtQUh1Qp_NZJ6JU_lXyLnGUJT_,
2024-12-05 05:22:41,EQDmw0xG9mF1l0KLgcjsDnnu79SkM0I4o09tAmRnkUBJuol5,
2024-12-04 20:53:39,EQCDU9gNsGU71zFuAW498HV9JI4y01TknJpgtxvLPUanPkxR,
2024-12-04 17:15:00,EQA630fFhTPEX3Bolw77FrilrteazJdGV7V6nexsDfm0vGJW,
2024-12-04 16:50:14,EQCsuMNXBJdv7uuUpEIqC9tiBdkw0lu44endC0f1LyVfxZPD,
2024-12-04 11:05:37,EQCRWpQQmfSglpLp6D5Xebix50AStBxjfQQNkssFP_IsiQc3,
2024-12-04 10:57:33,EQDaV1Qw_L0_jCXgvtYcKBcRGjOIrx_CZzoqZE1iIgDH5lWi,
2024-12-04 10:06:37,EQAU8l7U3671W50Azy0g0J9xv7X8TtQ3tF6kFS8lBZ9VpiEJ,
2024-12-04 08:23:39,EQD9oW2BQtsdzVjeOKwM0Zw9X0Qfv7onrsDnmlbw21u3Mtf9,
2024-12-04 07:49:52,EQAWU2XMv9VmPmOraLmSCSnyXKj0pqxfdyVe1RDzbtXu4X38,
2024-12-04 03:22:47,EQC47YfVLWo-U_z7s6iEOkYAAEKF_C0-gBiB8KJL6s5m4JOP,
2024-12-03 22:02:18,EQBTKwp8ECoJF2JKxFEn7z4PkX7o9WEoAnHJYfQ-fzbLuqyC,
2024-12-03 18:08:40,EQBlIjVVfxP4KN3KHIwPYzFLDvHBTp09fnjVmmNcnKQevIPj,
2024-12-03 08:23:23,EQAGR0gjag59kJcfHvm6q67NzIyMlY_DqEJ_39kxqZBMB2Cj,
2024-12-02 23:38:46,EQDxYWM-OPwQPinCwpNcqtd12vxzh5QkiUe_kq7c8ChktutE,
2024-12-02 21:28:32,EQD6lc5fATP8GVfSuPnl7zY0C_oNwYM1JxfJ60rE83_JjMAT,
2024-12-02 17:15:43,EQAdzk6jaFLdLKhda9k57cF3ID1MWE7DZGUP-Kz3klkbqvcD,
2024-12-02 08:35:03,EQAoN5FMc9JXoPyFjcczxVhGojRGplo_SFCqV3Yi9iQyrBRM,
2024-12-01 19:41:05,EQDbKihXMZuNfl7m7VcNrHIyYYYgCFPhccIqNN_ocNn-PBCb,
2024-12-01 15:07:25,EQDtDojKIWgJZvK7MpIx2nv6Q6EUJ5wUldvcwlRuGFOhG2F6,
2024-12-01 09:25:43,EQBiQE7wz5pfU2I-o8-n1_LpgVRPVrLHZA1i1qFohIkbTDvm,
2024-11-30 23:40:57,EQAuWE-bVR7O1bSkwN_mPdyivpKw5lfWc47sgvuczyzZ49S3,
2024-11-30 23:08:09,EQDGsWQYwtAqXP2ERrylVa3mU0CKD7LSVYA1TguZh0KH4qM,
2024-11-30 13:10:20,EQB7hH6wJbzrZYEbggsOcBeWUEmgO7llkwTKdgDU4Q___SPN,
2024-11-30 12:35:32,EQD2prpNBfCRa0fZpSHJvpvqFT7hW8Sw6uhcxGgmIAWigAe_,
2024-11-30 12:29:59,EQDb-H0xg40zNRWdDCkUD3xW8IyCNITgzTBKG9d5nVvi-zDM,
2024-11-30 11:15:51,EQC7gqSy6k61WOidobbegyyKnI5fP8LkBi9AOPU9pfRwKO0x,
2024-11-30 09:00:10,EQDZ8orhR-xSK6R4lxkX9VURZRYQv0EU4hoUXrmxBrAdcJTg,
2024-11-29 18:12:04,EQCufebcliwkkM7DTzC_W27nerQH3vVhYg5AUlIH9XVgXbrO,
2024-11-29 17:45:18,EQDUWW82bLr-4dKlaMRwLiLbsp8n4PH93z7q52xRvc33Onny,
2024-11-29 01:39:20,EQAgPukPUcwC9LG7uPbvbuyrMiPFFFuzqDwdjWV_1ycB9sLF,
2024-11-28 21:47:40,EQBiUgnTKlG9vtSNc8Uxao_KfN04DCgd8usJdBKbANTAX9iI,
2024-11-28 18:05:59,EQAJMs3n99DUSDKnYoO_vc62OvA7FK6bACMVlj1Jdg21dDYl,
2024-11-28 17:52:21,EQAJQMH2aL-shgCVIK-VboN_UmLe5dSrneoOnr1N5rv6B3p4,
2024-11-27 23:47:36,EQBoKGf48z45mle-C59PePfWstcqMXAuQmzWxDccdfjhaIOL,
2024-11-27 20:34:42,EQDdhfDt57enABUhho2X5EdiCqChyuJweDAd4xu_Dd9R11HA,
2024-11-27 12:46:20,EQA44OGUEsdesnOQ_Ws3BKiAwpRrm9Ai5T_2jI9My6p6Eu3,
2024-11-27 11:40:12,EQAjYXnicDEjyq4dq6UY9hyPlvoWparg3-dJYJE9UBP8WzWs,
2024-11-27 10:32:35,EQDF1V6_znBeWFtbxikmFoQ5vFpLmCwLN1npyU_cgfLjSpF,
2024-11-27 09:40:05,EQDAkYL1M-JinsCns4j1ckuYL5UwtwXmW8aVu2mCNUxEyu3_,
2024-11-27 09:28:59,EQAWDyxARSl3ol2G1RMLMwepr3v6Ter5ls3jiAlheKshgg0K,
2024-11-26 15:40:22,EQCq0zJE-RaIth4SMCip07rkNnkqJ2iNpUxtkyeFyGJSWUbP,
2024-11-26 15:36:20,EQAst_WeG36CEhCoW6mOg4FU5nctQcgRvp7FYuNkxfwKS5UC,
2024-11-26 13:54:59,EQDHqjdmRYpmc4zk7Vnymj5JB47aUuAvcvZ-JV-MI06Sctb0,
2024-11-26 05:39:11,EQDmo04M0R-61EW7T5qOvydXMWxldS3-7ksoHSSne5U_AgW0,
2024-11-26 05:13:57,EQC0kiPZcwA9lGQ7N7wMGld8pOVVnvToOS1i4whtSO2KHB2d,
2024-11-26 02:56:00,EQAZE1EIuh2ZwbYLIJTGhPGR1yQWnax9deufZJj9itxSPu-M,
2024-11-25 22:14:21,EQCivShe-nigManAil8iRxwKsp74cA0q0a00kmPBtLfRHQgB,
2024-11-25 17:01:55,EQDHv6pcsK_1zWuJMIWiBwczJXKPXsh17j1lCPtt3rXyxFQW,
2024-11-25 12:22:31,EQDBUmX6DkrReeXFJ62XQt2GVC8vyYQBapXUWr4WcdaQtV9f,
2024-11-24 18:06:55,EQBgI-rl6SzhJp5Rtoqg0JlWsgPH4rnVkU6EAnD1yvOuzMPG,
2024-11-24 16:31:53,EQA42um-pf3bJ6KH08Fv8-ALGOt0a4-460etgeaydJjYRu-O,
2024-11-24 11:43:40,EQBrCVdfIV8mGwAnCv1FXIFybjZeRhr37X61FyT0yhxtYgvG,
2024-11-24 05:16:09,EQA8Fr_3gzqj3NaJ5HyzMpKdZsU3Imbmzuk6LtOtMgFy5i6u,
2024-11-23 18:41:09,EQAbEut7rrUaSmkNuG8sfPmqtwTLdmszL-lnQijmCXiLQ5O9,
2024-11-23 18:11:53,EQDqz7LTwgj016kiTiSooM_ft8kveL2P4pj4fkJmsUV_an_X,
2024-11-23 13:13:19,EQBjXSG8eu99x3tnaWzslE5DVeYi5xuCbmbxBk_TUVi2FqQZ,
2024-11-23 11:08:32,EQCPqhGBZCOtQUZx-k5DcEGp5XQZkdfQOUfqWK6Z0Lo6vdw7,
2024-11-22 20:22:13,EQAhmDhWMKE_eZX0lO3mx5JSQc-W2O-IlQ7BaXLMioyeEzT1,
2024-11-22 15:20:56,EQAzeIldn2s-p5y0ofdrc_nFup597ZU-JRN-WQI1sUKTMmz5,
2024-11-22 13:54:57,EQAWsIGMoGlbjJJIsik-9_6A4Iiodb1M7LW3kmu05v8ujo9h,
2024-11-22 12:00:50,EQBhhzbnyYLIcIwxCzU-UK77FIGD9wPQ3_hhWHFqPuLj1EC8,
2024-11-22 08:03:39,EQAzwjVGrjo7vKj2Kas3xN6hrgQphOh4exViLa1wDVWZRvVL,
2024-11-21 19:41:07,EQBCHMY4xNfQn9tU70qlibOcl8YbSrXb4-J_rAVqeTsAWlJu,
2024-11-21 18:06:29,EQCeaRx_Z-4YW2p4zByAObqgXp5oZIX4oGkBKHCQm_Zv-sI2,
2024-11-21 17:09:01,EQCy3Dcs6zIPOSJ4xI1jS1fYHsuxvn2ibE-uKIZuDvi8wSs1,
2024-11-21 17:02:14,EQC-OHxhI9r5ojKf6QMLFjhQrKoawN1thhHFCvImINhfK40C,
2024-11-21 15:16:08,EQAZwJdXCZoO9JIbwBTL2a_zzOAPheLICa4YG7lNIlDZzMmx,
2024-11-21 13:53:50,EQAsUQEHJUx-lrAN0Ih8XusJY9J3ab0VoD_heEHvsESevNSm,
2024-11-21 13:34:13,EQBBA5tIqhhrGNyZZu21EomeiRY-oyS4CtWPQ5M00KzQTMMD,
2024-11-21 11:56:48,EQBTcytZjdZwFLj6TO7CeGvn4aMmqXvbX-nODiApbd011gT3,
2024-11-21 09:57:37,EQDTbCTc0IQ7Dx96OGlCAE39in_WEzXJd2spEilUfg15GFTv,
2024-11-20 20:06:48,EQBJZ9IVZLwrYddj7MceEZuaaHz6zHmSwvgXrxx00AVCMkoL,
2024-11-20 19:09:58,EQCmEVJQ5njttNRBa1bqqZsVq5WaHYliG9BU_d5BP1Bu2QXY,
2024-11-20 13:03:42,EQBbPeH7T7O7vpm4xtQDqcA--tG4OL3DTsBJyCIJgO748iRf,
2024-11-20 12:09:05,EQDkukNkvmQA86l3YnQcRLNZ0FIKe82IYLvyECFrCClmZ13W,
2024-11-20 11:37:43,EQCXrZBnCa9nrpVuhNwXjgFkNlGYU8Aa9sXcI-wiG8oCXpWz,
2024-11-20 10:56:15,EQA20ynxJzJrhahBncnTdWu87NNkuKL_T81DAGmihpIDdWsA,
2024-11-20 09:19:08,EQBTmxfjWgOeUfyifVdPDUagAFp2Rf23OZwiNQX8-vYiRx6c,
2024-11-20 08:49:58,EQCyMuhcLU-P45s4YIS_5JORFIqjuzHUhq7tXgYbzWXG8w4v,
2024-11-19 14:40:33,EQCMX55l5RrYxP0D27EARIi4E_VOfmw2IxV6IHiZOXvIKtgO,
2024-11-19 13:21:32,EQAZzvY6tSq2IghR8S3mXgc387Wl6yX54MVQdnFJ2EHQ94CB,
2024-11-19 11:58:05,EQD-jcIGvTe44iPX8QqPU-YdYluUp9idnL1FSbKX37y7orgh,
2024-11-19 11:21:39,EQDxf3en_rymhG0bwHGEt5XoZRAWJRQySCTF-4qsHy4Nm5I2,
2024-11-19 11:07:50,EQBqWiJpq-jsf7VY5ZRDDXtfZ0Kspyf6eGq_aTo9FC2NYhY7,
2024-11-19 09:49:12,EQDL5K3q92AaJOMiU0vhTTsVpwzGqkfRGjFYnVH0ijYf-2ni,
2024-11-18 20:56:29,EQBMIIYlgAI5HtWc2GTNWh5bDKY0GwHW6i3CqGxORqLDXNuE,
2024-11-18 14:01:28,EQCN27hCnCNBR6gm3EoaxIx4zTtv7fLGErV0DozdezrOVBGI,
2024-11-18 13:36:24,EQBoCD6xIQjiFRduBcEV1NoLsqegbjcGJINoEXH-O9NolEDl,
2024-11-16 10:16:07,EQC9Chi-YE79NSXikI6aKFk6kKj2yC68tvlS-6OsKIU5VAJe,
2024-11-15 16:38:23,EQCdFJULwVdvFQ28bVLpstDCIzndL5mTQLb1MuEmrLvRxtLS,
2024-11-15 13:20:20,EQBX6K9aXVl3nXINCyPPL86C4ONVmQ8vK360u6dykFKXpHCa,
2024-11-15 13:20:20,EQA2kCVNwVsil2EM2mB0SkXytxCqQjS4mttjDpnXmwG9T6bO,
2024-11-14 18:11:34,EQBJEVOot-Jcz6bj45hUVNRHhHZDtuF7ts5ZJIgjW_tlBq7d,
2024-11-14 11:43:12,EQBgjnb8FVAHlxqt79uImpEDzkVN8vvQ67hobyUsh-T7CEUg,
2024-11-12 20:12:57,EQB_E-xD4RvHqHB-bqCfBuWhnj8lgYEFN9eymZrC2YMxUUA3,
2024-11-12 19:01:27,EQDrKkK_0zksBOHW3NsWVpsCtPOCGMTX0YdFj_Tp-AKRZCp4,
2024-11-12 16:27:59,EQAFI49QCDdVDHshVWNR-p1NcvEYpMBcovbc5X2221d110EF,
2024-11-12 12:41:09,EQBQTF_AFEN5PM8rYg3rcNbAH86zNbIXKhZjMw3jq8yj-QT6,
2024-11-11 19:47:03,EQAsnG_grsT12Y6cFR2egvDhFcZLTVOLQE_sqMk5wWqKzw6z,
2024-11-11 16:33:17,EQAnzdfxDYsmUrLTOL7E6ANRWPR-6TlB-LAv-lifsh-55lZF,
2024-11-08 07:13:23,EQC3dQ7AjE3MuhhljshdZviySrZEu0gyYjFXzrIsz0LB8vc_,
2024-11-06 17:44:35,EQDE1iPrP80L17RzkH3YluXsEcn5i-bPFfue259uMKKFE3h0,
2024-11-06 17:44:35,EQANARUwOrJR3whiESWVuQTnKjm7EoUKcO1DQkRkRzUj6nib,
2024-11-06 11:34:35,EQBh4XMahI9T81bj2DbAd97ZLQDoHM2rv2U5B59DVZkVN1pl,
2024-11-05 19:51:38,EQCE8L4hdTGR-5OpghB6jxOMdXluqRi2COnQ9pcfZ6VXyWbK,
2024-11-05 17:31:30,EQB3ccW46LFouMx0bxF6HbV8zHPzcxDO2RND7HIlSaxmGWea,
2024-11-05 14:44:38,EQCPSj0SqGGg5O4sDAx8fi9yyfX4YXaWLzfWHkubAU-sg2UF,
2024-11-04 13:56:26,EQB9ufzBVDMJsLvbha2tOkyf_589uIRZtZ7Psdk50INSCYlx,
2024-11-01 18:53:34,EQAyxoeWx6Mgz6i-QnavLNjEPyBEMzshGaoneh4lginYs5Zq,
2024-11-01 15:52:27,EQDAPgCBDBb-HsYEa4ooC7xkUcjjAFlQDpdYYvPeq9AVfC7b,
2024-11-01 11:42:50,EQBTjR1nGlxTdRZGSSHeXYvckDkZc3eDwupzBFhz5cDx-eub,
2024-10-30 18:33:25,EQDrnxZSOXfbOTdnrUGQQ5WQcpzio3fM2S0oAHBlrTKNJ5TN,
2024-10-29 07:50:33,EQAp-mWdS-oJ2R0XwC49VPHRkkLZ0I38THftyQniIRTOb_x,
2024-10-28 19:29:11,EQCNAgBOXxWPavXRfBq3bWcXzlhQCmPBlSVTg2pyfPKzFUx2,
2024-10-28 15:40:43,EQCsIdziXwlFrCZk9ceQOIhG3x3rv1vVyt_KHkM5b_3cx3WS,
2024-10-28 14:05:57,EQBi0hn52pwmDCalhUVD90kuny1qvuSnW6yEIGrdKwOYyMna,
2024-10-28 08:57:03,EQC_BL8coX-feVxZ-_XGFU6YcBcKeAxqHiVjinN_t1ADTUwr,
2024-10-25 16:38:22,EQAEXOnJ8R00XPUa3g8rQfOgaxfREIdYhg6EnRnlRIbTvJu6,
2024-10-23 12:52:16,EQBcRNasT9lQwvXR-k2gCZtPWuo3lN8a6qveOGTlyJZ6jWsV,
2024-10-22 13:08:33,EQDvLTIrlvsJzVERMDfx-64K_iht8dejr_OFY7Ea-Z5mGqrF,
2024-10-21 22:05:18,EQD_CdC-erL3-GE1YIMmV8XsiNahUXKNqNtyjiTuJ735q0qi,
2024-10-21 20:52:51,EQCVjwG3Hz7dx7bUkGePuUN2tPFwZf4XmYvXUtE4OZJ6c-V3,
2024-10-20 11:17:50,EQC0soznEna-NEZoxeg__S5ppfDNt9m6IajeE2wgxOvjbCNP,
2024-10-20 09:47:05,EQCIiZ6b5fYSHLfCCAqi4KsIeqQAD3H_HSP-V5r4OUgTEuAs,
2024-10-18 18:58:03,EQAArUWShZ_tpI8mwFsPz2OqToJJHxyETCBVhVnGvNq-Lcrk,
2024-10-18 10:53:26,EQAEWNwdwZO1CcRPsRxMtR0Otn7_Gd_K1aBQsXlDmnXEIDfv,
2024-10-18 10:10:53,EQC1xD3bQEqI8R-r6q5rmdYF8and8ZA-h8rg9_guLIcDLLky,
2024-10-18 10:10:51,EQC1xD3bQEqI8R-r6q5rmdYF8and8ZA-h8rg9_guLIcDLLky,
2024-10-16 18:00:10,EQApiWleNhmixrCnMNrjFE6NT_BP-sD5wVjoSLuU82Kb3kpw,
2024-10-16 14:17:54,EQBsosmcZrD6FHijA7qWGLw5wo_aH8UN435hi935jJ_STORM,
2024-10-15 09:34:14,EQADMIweigcRcinL_bJHLqKUk974GiKgywqbULRjr9m0FcAK,
2024-10-14 18:48:21,EQA359JmUtbieOsN9ech3Mxtq5_f48jLCibsxuu566dN-gS7,
